No.Economico,Hr Trabajadas,No.de Mttos,Desvio
MX11/A1038,2899,13,0.0
MX11/A0535,-39,1,0.0
MX910/0014,134,2,0.0
MX11/0626,0,1,0.0
MX11/0189,286,1,14.4
MX120/0066,4947,10,97.9
MX31/A0040,2401,10,0.0
MX20/A0472,59,1,0.0
MX20/0151,2759,7,57.7
MX96/A0427,2050,4,105.0
MX34/A0137,4904,7,180.2
MX13/0051,933,4,0.0
MX120/0067,1059,3,41.2
MX11/1272,3582,14,2.3
MX23/A0357,1441,4,44.1
MX11/A1151,516,2,3.2
MX20/0155,2340,5,87.2
MX380/A088,685,3,0.0
MX11/A1311,6,1,0.0
MX40/A0129,2090,9,0.0
MX11/A1386,2133,7,21.9
MX20/A0435,621,4,0.0
MX31/A0073,802,4,0.0
MX20/0291,3896,11,41.7
MX37/A0025,658,3,0.0
MX11/1376,-19,1,0.0
MX23/A0148,2219,5,77.5
MX12/A0276,832,3,10.9
MX910/0166,53,1,0.0
MX44/A0249,1390,3,85.3
MX23/A0281,603,3,0.0
MX32/A0156,30,1,0.0
MX37/A0064,1262,4,26.2
MX380/A067,-12,1,0.0
MX11/A1241,288,2,0.0
MX20/A0471,303,2,0.0
MX370/A037,661,3,0.0
MX11/0513,3842,13,18.2
MX11/0250,3395,13,4.5
MX11/A0237,-3,1,0.0
MX11/A0138,331,2,0.0
MX31/0021,1845,7,5.4
MX370/0067,490,2,0.0
MX11/A1442,4658,8,132.9
MX910/0159,191,2,0.0
MX11/1109,759,3,1.2
MX37/A0017,447,3,0.0
MX11/0612,2704,8,35.2
MX20/0183,2014,5,61.1
MX34/A0128,-93,1,0.0
MX96/A0408,2056,5,64.5
MX11/1103,780,4,0.0
MX13/0001,167,2,0.0
MX11/0256,795,4,0.0
MX910/0072,56,2,0.0
MX31/A0039,2792,11,1.5
MX11/A0993,1338,4,33.8
MX96/A0232,452,2,0.0
MX23/0094,2996,10,19.8
MX11/A1315,2152,6,43.5
MX11/0662,21,1,0.0
MX11/A0765,2155,6,43.7
MX96/A0450,966,3,28.8
MX11/A0446,99,1,0.0
MX910/A058,888,3,18.4
MX13/A0014,492,3,0.0
MX11/A0386,355,2,0.0
MX910/0105,1211,7,0.0
MX380/A127,967,4,0.0
MX20/0178,4104,14,17.3
MX11/0620,5731,23,0.0
MX23/A0242,41,1,0.0
MX23/0087,1910,9,0.0
MX11/A0470,470,2,0.0
MX120/0046,7709,15,105.6
MX44/A0274,70,2,0.0
MX120/A075,397,2,0.0
MX23/A0344,1614,7,0.0
MX20/0166,1279,3,70.5
MX11/1124,-12,1,0.0
MX11/A1152,760,3,1.3
MX40/0009,1039,5,0.0
MX11/A1150,1562,5,25.0
MX44/0156,1585,5,26.8
MX44/0162,2544,11,0.0
MX585/A060,11,1,0.0
MX120/0053,965,3,28.7
MX34/A0108,-73,1,0.0
MX11/0631,657,4,0.0
MX11/A1223,358,2,0.0
MX20/0167,2856,7,63.2
MX11/A0347,4082,12,36.1
MX23/A0262,-60,1,0.0
MX40/A0423,2411,9,7.2
MX13/0077,235,2,0.0
MX34/A0192,-2770,1,0.0
MX21/0013,3434,15,0.0
MX11/A0764,4556,8,127.8
MX11/0906,1593,6,6.2
MX23/A0358,81,2,0.0
MX32/0071,2077,9,0.0
MX50/0056,668,3,0.0
MX44/0119,1384,5,10.7
MX20/0159,1105,3,47.3
MX380/A107,273,2,0.0
MX44/0114,923,4,0.0
MX11/A0229,68,1,0.0
MX910/A057,680,3,0.0
MX23/A0320,1380,7,0.0
MX11/A0385,1685,4,68.5
MX11/A0926,828,3,10.4
MX11/0798,1795,7,2.6
MX11/0802,4519,17,6.3
MX20/A0463,2000,9,0.0
MX380/A092,1033,4,3.3
MX44/0164,1800,8,0.0
MX11/0514,1795,9,0.0
MX370/0017,3189,7,82.2
MX370/A019,2570,10,2.8
MX32/A0179,0,1,0.0
MX34/A0138,-32,1,0.0
MX40/A0076,690,3,0.0
MX11/A0770,279,2,0.0
MX11/0060,924,4,0.0
MX96/A0286,-78,1,0.0
MX20/A0444,2022,9,0.0
MX502/0001,247,2,0.0
MX585/A027,102,1,0.0
MX40/0005,579,3,0.0
MX13/0013,0,1,0.0
MX23/0135,2489,9,10.6
MX11/A1455,1816,6,21.1
MX40/A0113,760,4,0.0
MX11/A1169,1018,4,1.8
MX11/A1221,1992,2,298.4
MX20/A0460,2166,5,73.3
MX23/A0368,743,3,0.0
MX13/A0068,229,2,0.0
MX11/A1094,121,1,0.0
MX20/A0067,1322,5,5.8
MX13/A0054,628,3,0.0
MX23/A0150,340,2,0.0
MX23/A0141,298,2,0.0
MX11/0901,540,3,0.0
MX44/A274,110,1,0.0
MX370/A035,297,2,0.0
MX31/a0041,-4,1,0.0
MX380/A147,985,5,0.0
MX910/0137,972,5,0.0
MX11/0100,575,4,0.0
MX11/0636,1944,9,0.0
MX11/0571,1343,6,0.0
MX11/0199,1246,6,0.0
MX32/0115,1239,5,0.0
MX910/A141,291,2,0.0
MX23/A0125,1373,7,0.0
MX11/A1395,122,1,0.0
MX97/0579,3711,1,1384.4
MX44/A0256,556,5,0.0
MX44/0151,1978,7,13.0
MX380/A095,1144,4,14.4
MX910/0077,3264,14,0.0
MX910/0152,843,7,0.0
MX20/A0380,209,2,0.0
MX120/0045,7427,15,98.1
MX380/A029,1367,4,36.7
MX11/A0176,143,1,0.0
MX370/A028,3165,10,26.6
MX20/A0336,1720,7,0.0
MX380/A167,750,4,0.0
MX11/1132,-25,1,0.0
MX20/0140,2470,9,9.8
MX23/A0307,2325,5,86.0
MX11/A1036,433,3,0.0
MX11/A1410,522,3,0.0
mx20/0166,217,1,0.0
MX11/0805,2278,10,0.0
MX44/0007,872,4,0.0
MX11/A1520,225,2,0.0
MX11/A0976,728,3,0.0
MX20/A0403,473,3,0.0
MX20/0222,2671,6,78.1
MX910/0089,498,3,0.0
MX20/0157,1529,4,52.9
MX21/0014,2413,10,0.0
MX11/A0378,192,2,0.0
MX23/0096,2534,9,12.6
MX44/A0176,824,4,0.0
MX11/0994,564,3,0.0
MX13/0026,498,3,0.0
MX11/0202,2313,10,0.0
MX20/0012,874,4,0.0
MX380/A164,66,1,0.0
MX11/A1435,1382,4,38.2
MX11/a1315,28,1,0.0
MX44/0115,1541,6,2.7
MX13/A0155,36,1,0.0
MX34/A0077,3138,11,14.1
MX40/A0124,31,1,0.0
MX20/0149,2551,6,70.1
MX34/A0063,389,2,0.0
MX11/0325,3530,15,0.0
MX11/A0726,4067,8,103.4
MX20/0165,1945,5,55.6
MX44/0136,47,1,0.0
MX40/0012,1941,8,0.0
MX23/A0200,-82,1,0.0
MX32/0082,1537,5,23.0
MX40/A0078,915,2,83.0
MX910/0108,1515,7,0.0
MX380/A043,16,1,0.0
MX11/a0219,1113,2,122.6
MX330/0020,543,1,117.2
MX96/A0410,0,1,0.0
MX11/0670,667,3,0.0
MX20/0150,3204,7,83.1
MX910/0139,689,5,0.0
MX11/0193,2172,9,0.0
MX11/0308,3386,12,12.9
MX11/0366,5794,24,0.0
MX13/0119,0,1,0.0
MX11/A1460,552,2,10.4
MX13/0003,-52,1,0.0
MX11/A0427,2437,6,62.5
MX96/A0448,1058,4,5.8
MX95/A0233,95,1,0.0
MX380/A045,283,2,0.0
MX20/0198,4802,20,0.0
MX11/A1438,94,1,0.0
MX370/0031,2947,7,68.4
MX96/A0422,1836,4,83.6
MX23/A0382,223,2,0.0
MX370/0066,916,3,22.1
MX11/A0340,872,4,0.0
MX11/1212,95,2,0.0
MX23/A0276,2714,13,0.0
MX11/0515,312,2,0.0
MX20/A0476,316,2,0.0
MX32/0094,893,5,0.0
MX20/0011,890,5,0.0
MX71/A0014,261,2,0.0
MX23/0004,1443,6,0.0
MX11/0894,2296,10,0.0
MX44/0113,2018,7,15.3
MX34/A0197,655,3,0.0
MX40/a0073,98,1,0.0
MX11/A0704,28,1,0.0
MX11/0097,95,1,0.0
MX11/0312,1360,7,0.0
MX96/A0047,951,4,0.0
MX11/A1095,498,2,0.0
MX20/0232,4672,11,69.9
MX11/0569,1614,5,29.1
MX34/A0142,128,1,0.0
MX380/A089,4,2,0.0
MX910/0129,792,6,0.0
MX11/0568,1065,5,0.0
MX11/A1312,71,1,0.0
MX910/0135,843,5,0.0
MX11/A1420,762,2,52.4
MX585/A067,-17,1,0.0
MX32/A0210,780,3,4.0
MX11/0561,2027,8,1.4
MX11/A1100,154,1,0.0
MX910/0158,891,5,0.0
MX11/A1217,175,1,0.0
MX11/1028,2286,9,1.6
MX34/A0061,519,2,3.8
MX11/A1031,352,3,0.0
MX11/A1253,950,4,0.0
MX23/A0267,1771,9,0.0
MX11/1106,1535,7,0.0
MX94/A0047,214,2,0.0
MX37/A0040,2335,5,86.8
MX11/0618,2944,11,7.1
MX44/A0232,476,2,0.0
MX32/A0157,218,2,0.0
MX910/0161,434,3,0.0
MX11/0264,2404,10,0.0
MX32/0083,533,3,0.0
MX910/0162,603,4,0.0
MX11/0647,407,3,0.0
MX910/0085,6,1,0.0
MX11/0511,2448,10,0.0
MX940/0048,0,1,0.0
MX11/A1120,1559,5,24.7
MX23/A0143,-33,1,0.0
MX23/A0300,1090,4,9.0
MX23/A0120,446,2,0.0
MX11/1005,3522,12,17.4
MX96/A0374,4365,5,249.2
MX11/0509,5405,21,3.0
MX23/A0217,229,2,0.0
MX71/A0020,1144,5,0.0
MX37/A0026,700,2,40.0
MX96/A0029,211,1,0.0
MX11/0669,266,2,0.0
MX380/A176,123,1,0.0
MX13/0038,200,2,0.0
MX11/A1154,3870,9,72.0
MX47/0015,-11,1,0.0
MX31/0005,2208,10,0.0
MX380/A081,7,1,0.0
MX11/0259,990,5,0.0
MX23/A0177,757,3,0.9
MX11/A0916,5091,16,27.3
MX380/A186,268,2,0.0
MX11/0112,208,2,0.0
MX11/A1325,168,1,0.0
MX11/A0973,129,1,0.0
MX380/A076,761,3,1.5
MX20/A0348,2696,7,54.1
MX11/0320,2600,11,0.0
MX40/0032,1725,8,0.0
MX11/0502,2146,9,0.0
MX44/0216,232,2,0.0
MX11/A0240,373,3,0.0
MX32/0102,1476,7,0.0
MX11/0910,5766,14,64.7
MX20/A0456,1311,4,31.1
MX20/0208,2816,5,125.3
MX23/A0348,304,2,0.0
MX380/A046,779,3,3.9
MX120/0056,-56,1,0.0
MX11/A0460,605,3,0.0
MX44/0153,1370,6,0.0
MX380/A195,127,2,0.0
MX11/A1180,674,4,0.0
MX11/0887,1965,6,31.0
MX44/0281,205,2,0.0
MX120/A057,270,2,0.0
MX120/A035,1064,3,41.9
MX34/A0179,422,2,0.0
MX910/0163,284,2,0.0
MX34/A0202,356,2,0.0
MX11/A1437,1093,4,9.3
MX32/0103,796,4,0.0
MX11/A1416,654,3,0.0
MX11/0625,0,1,0.0
MX96/A0496,990,4,0.0
MX11/0781,2777,11,1.0
MX97/0623,-4,1,0.0
MX20/A0349,499,3,0.0
MX74/A0024,592,4,0.0
MX11/1274,2859,11,4.0
MX11/A0445,1122,4,12.2
MX96/A0457,107,1,0.0
MX300/A003,-59,1,0.0
MX20/A0429,235,2,0.0
MX11/0997,3007,11,9.3
MX31/A0052,2537,11,0.0
MX23/0005,299,2,0.0
MX34/A0079,-85,1,0.0
MX20/0207,-64,1,0.0
MX20/A0489,232,2,0.0
MX23/A0215,1933,8,0.0
MX11/A1418,1367,4,36.7
MX120/0042,1643,4,64.3
MX11/A1408,974,4,0.0
MX23/A0379,18,1,0.0
MX11/0889,4276,15,14.0
MX96/A0461,1263,3,68.4
MX11/A1163,104,2,0.0
MX120/A030,3606,11,31.1
MX40/0070,2328,7,33.0
MX40/A0424,921,4,0.0
MX44/A0231,1537,3,104.9
MX44/A0230,-42,1,0.0
MX32/A0177,715,4,0.0
MX910/0142,440,3,0.0
MX11/0998,1884,7,7.7
MX21/0007,3558,11,29.4
MX380/A189,207,2,0.0
MX11/0632,690,4,0.0
MX32/0004,248,2,0.0
MX380/A031,1085,4,8.5
MX11/A1043,1555,5,24.4
MX380/A166,95,1,0.0
MX11/A0991,70,1,0.0
MX23/0095,2818,11,2.5
MX11/A1114,815,3,8.7
MX71/A0025,462,3,0.0
MX23/A0328,1536,7,0.0
MX120/0069,1492,3,98.9
MX44/0130,1354,4,35.4
MX11/1130,309,3,0.0
MX11/A1090,3284,9,46.0
MX11/A0220,1457,5,16.6
MX23/A0310,-39,1,0.0
MX11/0630,0,1,0.0
MX74/A0035,594,3,0.0
MX585/A051,-29,1,0.0
MX37/A0047,1187,7,0.0
MX910/A123,8,1,0.0
MX20/0296,3081,6,105.4
MX380/A012,794,4,0.0
MX11/A0471,292,2,0.0
MX120/0023,510,2,2.0
MX96/A0492,2,1,0.0
MX96/A0407,-99,1,0.0
MX11/A0482,483,2,0.0
MX23/A0383,-27,1,0.0
MX11/0057,2147,7,22.7
MX73/A0011,494,3,0.0
MX37/A0008,1364,4,36.4
MX11/A0836,4275,13,31.5
MX40/0043,1551,6,3.4
MX11/1290,3950,14,12.9
MX32/A0158,66,1,0.0
MX34/A0135,2472,2,394.4
MX910/0138,656,5,0.0
MX11/A1264,2570,8,28.5
MX11/A0875,1959,7,11.9
MX50/0005,765,4,0.0
MX11/A1421,866,3,15.5
MX34/A0181,383,2,0.0
MX20/0145,2866,12,0.0
MX23/A0349,428,2,0.0
MX20/A0477,2027,8,1.4
MX380/A101,0,1,0.0
MX11/A1086,129,1,0.0
MX34/A0068,64,1,0.0
MX380/A053,241,2,0.0
MX11/0516,3463,11,25.9
MX11/0262,959,5,0.0
MX11/A1270,892,4,0.0
MX11/A1030,506,3,0.0
MX11/1025,1804,7,3.1
MX11/A0967,32,1,0.0
MX11/0806,3912,14,11.8
MX11/1021,733,4,0.0
MX20/0294,1871,5,49.7
MX12/A0314,-84,1,0.0
MX120/0008,6989,3,831.9
MX11/A1249,251,2,0.0
MX13/0070,253,2,0.0
MX11/A0713,6268,13,92.9
MX23/0103,2525,10,1.0
MX20/A0446,3530,11,28.4
MX380/A006,-25,1,0.0
MX23/A0057,2430,9,8.0
MX370/0063,1039,3,38.5
MX11/0498,4860,16,21.5
MX11/A0558,334,2,0.0
MX11/1017,1184,5,0.0
MX11/A0982,815,2,63.0
MX11/1293,1888,8,0.0
MX40/0008,1078,5,0.0
MX23/A0284,365,2,0.0
MX11/A1145,1662,4,66.2
MX21/A0023,64,1,0.0
MX48/0375,25,1,0.0
MX20/A0455,2797,8,39.9
MX11/A1326,69,1,0.0
MX11/0204,2241,10,0.0
MX380/A093,25,1,0.0
MX44/0271,947,5,0.0
MX20/0139,2258,10,0.0
MX20/A0196,608,4,0.0
MX20/0210,1574,4,57.4
MX40/0039,2129,6,41.9
MX11/A1188,3312,8,65.6
MX23/A0278,1572,6,4.8
MX11/0786,3455,12,15.2
MX910/0081,181,2,0.0
MX11/0246,2164,9,0.0
MX11/A1446,1409,4,40.9
MX11/A1430,4382,11,59.3
MX23/A0229,2548,8,27.4
MX20/0223,2439,6,62.6
MX470/0014,0,1,0.0
MX11/A0485,1012,4,1.2
MX20/0176,5335,22,0.0
MX11/A0239,351,2,0.0
MX11/A0820,366,2,0.0
MX44/A0284,726,4,0.0
MX11/A1153,3291,6,119.4
MX11/0653,-70,1,0.0
MX23/A0280,2560,11,0.0
MX23/A0247,604,3,0.0
MX11/1131,151,3,0.0
MX380/A094,110,1,0.0
MX46/A0008,1907,6,27.1
MX11/A1516,1066,5,0.0
MX11/0314,1977,9,0.0
MX23/A0147,1518,5,21.4
MX11/0665,745,4,0.0
MX44/0155,1765,4,76.5
MX11/0793,1019,5,0.0
MX11/1016,1931,8,0.0
MX23/A0356,738,3,0.0
MX44/A0187,166,2,0.0
MX13/0129,444,3,0.0
MX11/1006,2602,8,30.1
MX11/0614,5190,21,0.0
MX11/A0877,8167,12,172.2
MX20/A0423,479,2,0.0
MX96/A0449,464,3,0.0
MX20/0164,2939,7,67.9
MX910/0104,937,7,0.0
MX910/0061,2565,2,413.0
MX910/0032,96,2,0.0
MX11/1010,3609,14,3.1
MX96/0001,763,4,0.0
MX96/A0353,1637,3,118.3
MX910/0109,1676,9,0.0
MX44/A0267,45,1,0.0
MX34/A0129,2148,2,329.6
MX380/A098,262,2,0.0
MX120/0036,111,1,0.0
MX34/A0126,2123,2,324.6
MX11/0254,2171,9,0.0
MX32/0113,2824,8,41.2
MX11/0904,8031,19,69.1
MX120/0068,4067,9,80.8
MX11/0281,3767,15,0.5
MX11/0499,3225,9,43.3
MX11/A1216,1535,3,104.7
MX380/A051,46,1,0.0
MX11/A1176,819,4,0.0
MX20/A0352,351,2,0.0
MX96/A0301,2428,4,142.8
MX380/A055,2700,6,80.0
MX13/0049,100,1,0.0
MX11/A1039,5254,16,31.4
MX910/0049,3518,13,8.2
MX380/A074,569,3,0.0
MX23/A0248,1550,6,3.3
MX23/A0362,-28,1,0.0
MX20/0169,2130,5,70.4
MX11/A0983,418,2,0.0
MX11/0890,1825,7,4.3
MX11/0603,4257,18,0.0
MX20/0133,1822,8,0.0
MX23/A0340,739,4,0.0
MX23/0002,-53,1,0.0
MX120/0058,5033,11,83.0
MX23/A0240,159,1,0.0
MX11/A1091,265,2,0.0
MX11/a0575,98,1,0.0
MX11/0307,865,5,0.0
MX910/0048,2537,12,0.0
MX120/0061,4048,9,79.9
MX32/0081,1168,6,0.0
MX23/A0261,1068,2,113.6
MX11/1002,1648,5,31.8
MX380/A133,-11,1,0.0
MX11/A1417,2739,6,82.6
MX11/A0550,-90,1,0.0
MX11/A1159,5120,13,57.5
MX11/A1469,1921,5,53.7
MX910/0123,-22,1,0.0
MX37/A0019,4995,11,81.6
MX23/A0169,555,3,0.0
MX20/A0494,49,1,0.0
MX910/0020,-36,1,0.0
MX23/A0121,372,1,48.8
MX11/0003,3248,8,62.4
MX32/0112,2118,9,0.0
MX11/A1287,973,4,0.0
MX96/A0508,655,3,0.0
MX96/A0336,5077,8,153.8
MX23/A0297,103,1,0.0
MX23/A0318,-269,1,0.0
MX370/A031,-3,1,0.0
MX23/0109,2133,8,6.7
MX910/0046,2529,11,0.0
MX20/A0452,1342,5,7.4
MX20/A0451,151,1,0.0
MX11/0681,1788,9,0.0
MX11/A0465,2255,7,28.9
MX11/A1363,2795,7,59.7
MX37/A0049,-75,1,0.0
MX11/0900,5100,18,13.3
MX13/A0126,65,1,0.0
MX23/A0381,210,2,0.0
MX48/0378,5,2,0.0
MX37/A0063,542,2,8.4
MX11/A0349,99,1,0.0
MX585/A006,2,2,0.0
MX20/A0487,459,3,0.0
MX11/A0432,641,2,28.2
MX11/1296,2997,10,19.9
MX11/A1187,548,3,0.0
MX20/A0495,59,1,0.0
MX50/0059,548,3,0.0
MX585/A036,130,1,0.0
MX910/0140,928,6,0.0
MX11/A0405,-78,2,0.0
MX910/0023,-92,1,0.0
MX585/A005,-74,1,0.0
MX37/A0048,807,5,0.0
MX20/0162,2293,5,83.4
MX96/A0495,1093,4,9.3
MX71/0016,826,4,0.0
MX23/A0372,792,3,5.6
MX11/0056,4620,10,84.8
MX32/0134,734,4,0.0
MX20/A0411,2200,9,0.0
MX23/A0208,2077,10,0.0
MX11/A0759,654,2,30.8
MX11/0305,1472,5,17.8
MX11/0642,2712,10,8.5
MX23/A0251,1432,6,0.0
MX11/1294,3365,13,3.5
MX20/A0443,2229,10,0.0
MX380/A126,806,3,7.5
MX11/A1237,390,2,0.0
MX23/A0326,1448,5,15.8
MX96/A0478,3282,3,337.6
MX910/0155,721,4,0.0
MX11/1273,3774,14,7.8
MX40/A0133,743,4,0.0
MX11/0315,1925,7,10.0
MX11/A1015,1795,5,43.6
MX37/A0045,1247,4,24.7
MX44/A0279,814,4,0.0
MX32/A0181,1164,5,0.0
MX11/0628,0,1,0.0
MX11/0787,2480,11,0.0
MX585/A039,-35,1,0.0
MX11/A0882,361,3,0.0
MX20/A0300,4760,4,376.0
MX11/A1391,156,1,0.0
MX20/A0392,12,1,0.0
MX11/0510,5682,23,0.0
MX34/A0130,258,2,0.0
MX11/A1456,1092,3,45.6
MX96/A0466,137,1,0.0
MX23/0334,2589,9,15.1
MX370/A051,47,1,0.0
MX20/A0412,310,2,0.0
MX32/A0208,141,1,0.0
MX380/A099,97,1,0.0
MX380/A139,245,2,0.0
MX23/a0264,-15,1,0.0
MX34/A0127,82,1,0.0
MX11/A1457,1028,4,2.8
MX13/a0103,-5,1,0.0
MX23/A0206,-1,1,0.0
MX20/0158,3058,5,144.6
MX11/0891,732,4,0.0
MX11/0996,2241,6,49.4
MX44/0127,1253,5,0.2
MX11/A1354,198,2,0.0
MX11/A0223,68,1,0.0
MX11/A0716,6410,17,50.8
MX32/0105,756,4,0.0
MX11/0617,2038,9,0.0
MX20/0138,1948,9,0.0
MX11/A1255,-18,1,0.0
MX380/A187,12,1,0.0
MX11/A1262,3324,9,47.7
MX31/A0069,108,1,0.0
MX380/A096,512,2,2.4
MX23/0058,2009,6,33.9
MX11/0691,987,5,0.0
MX910/0033,2101,12,0.0
MX12/A0326,188,1,0.0
MX31/A0047,983,4,0.0
MX96/A0184,140,1,0.0
MX11/A0020,1907,3,154.3
MX11/0886,5271,18,17.1
MX11/A1231,859,2,71.8
MX370/0068,1516,4,51.6
MX11/0296,4625,10,85.0
MX11/0272,2627,11,0.0
MX910/0079,195,3,0.0
MX11/0260,1279,6,0.0
MX11/0613,3671,15,0.0
MX44/0157,1368,6,0.0
MX96/A0248,2588,5,107.0
MX11/A1426,1899,7,8.5
MX31/A0046,2154,2,330.8
MX11/0506,714,4,0.0
MX11/0624,250,2,0.0
MX11/A1035,2242,8,12.1
MX11/1295,2723,11,0.0
MX910/0010,-13,1,0.0
MX380/A116,52,1,0.0
MX20/A0464,1570,7,0.0
MX32/0074,2756,11,0.2
MX23/A0244,6,1,0.0
MX40/0052,2408,7,37.6
MX44/0012,1343,7,0.0
MX23/a0246,61,1,0.0
MX11/0370,2735,12,0.0
MX11/0899,1832,7,4.7
MX11/A1489,1834,5,46.7
MX380/A056,796,4,0.0
MX11/0099,1750,6,16.7
MX20/A0479,460,3,0.0
MX11/1105,1269,6,0.0
MX20/0161,3235,6,115.7
MX23/A0213,2096,8,4.8
MX23/0102,1435,7,0.0
MX44/0163,1118,5,0.0
MX11/a1185,1360,3,81.3
MX40/0040,1343,5,7.4
MX120/0002,-17,1,0.0
MX11/A0768,10732,14,206.6
MX11/A1388,139,1,0.0
MX11/0206,1086,6,0.0
MX11/0203,1721,8,0.0
MX11/A1246,735,3,0.0
MX23/A0197,325,2,0.0
MX44/0159,1574,6,4.9
MX44/A0289,951,4,0.0
MX380/A149,72,1,0.0
MX21/0002,1338,6,0.0
MX11/0888,6378,17,50.1
MX34/A0119,324,2,0.0
MX11/A0724,1232,4,23.2
MX380/A077,679,3,0.0
MX11/0633,1383,7,0.0
MX20/A0431,187,1,0.0
MX11/A1202,259,2,0.0
MX11/0261,191,2,0.0
MX11/A1517,173,1,0.0
MX11/1003,2516,10,0.6
MX11/A0355,-35,1,0.0
MX11/0608,3665,12,22.2
MX11/A0915,519,2,3.8
MX11/0303,1337,4,33.7
MX96/A0302,416,3,0.0
MX11/A1389,13,1,0.0
MX23/A0074,1277,4,27.7
MX44/0105,1545,6,3.0
MX910/0080,7,1,0.0
MX40/0031,2843,9,26.4
MX23/A0317,-151,1,0.0
MX34/A0155,603,2,20.6
MX11/0797,1876,8,0.0
MX11/0252,1332,7,0.0
MX40/0041,2248,8,12.4
MX13/0071,498,3,0.0
MX40/0038,1208,6,0.0
MX585/A002,41,1,0.0
MX11/A1203,260,2,0.0
MX44/0108,1619,5,29.5
MX11/1125,217,3,0.0
MX34/A0170,184,1,0.0
MX11/0257,5431,19,14.3
MX13/0039,1045,4,4.5
MX96/A0424,-81,1,0.0
MX23/A0367,805,3,7.3
MX11/A1161,6789,25,8.6
MX11/A1222,872,2,74.4
MX13/A0167,38,1,0.0
MX910/0133,3,1,0.0
MX910/0160,671,4,0.0
MX910/0047,2695,12,0.0
MX11/0265,1538,7,0.0
MX120/A071,4126,13,27.0
MX11/0368,4848,20,0.0
MX11/0683,860,5,0.0
MX910/0114,434,3,0.0
MX50/0062,1819,7,3.9
MX40/0075,978,4,0.0
MX23/A0298,-7,1,0.0
MX96/A0494,1,1,0.0
MX11/A0723,3656,8,82.8
MX31/0002,1690,6,12.7
MX11/A0227,595,3,0.0
MX370/A053,-74,1,0.0
MX11/A0974,1925,6,28.3
MX11/0311,842,5,0.0
MX11/1271,4257,16,6.4
MX37/A0053,1873,8,0.0
MX96/A0477,10,1,0.0
MX11/A1447,819,4,0.0
MX11/A1353,106,1,0.0
MX44/A0280,152,1,0.0
MX11/1121,238,2,0.0
MX11/0299,2776,10,11.0
MX11/A1181,684,4,0.0
MX120/0106,940,4,0.0
MX260/0025,0,1,0.0
MX20/0242,1528,4,52.8
MX32/0096,1094,5,0.0
MX20/A0457,2288,6,52.5
MX11/A1339,79,1,0.0
MX11/0300,228,2,0.0
MX11/0564,1066,5,0.0
MX11/1129,49,1,0.0
MX37/A0032,1615,7,0.0
MX11/A0985,1431,5,14.5
MX37/A0028,1520,3,102.7
MX20/0160,466,2,0.0
MX44/0008,609,3,0.0
MX32/A0155,1365,4,36.5
MX11/A1459,1834,6,22.3
MX11/A0381,-39,1,0.0
MX370/A009,2469,11,0.0
MX11/A0464,1525,5,22.0
MX13/0050,232,2,0.0
MX11/A1280,144,1,0.0
MX37/A0007,256,2,0.0
MX910/0028,58,1,0.0
MX11/A0447,1697,5,35.8
MX11/A1472,1863,6,24.2
MX34/A0075,1834,6,22.3
MX44/0147,500,3,0.0
MX32/0146,2131,5,70.5
MX11/A0389,1590,5,27.2
MX120/A063,396,3,0.0
MX74/A0023,1281,6,0.0
MX13/A0056,-31,1,0.0
MX11/A1183,2970,13,0.0
MX11/A1201,357,2,0.0
MX380/A105,554,3,0.0
MX13/0144,273,2,0.0
MX11/0082,8501,24,41.7
MX380/A117,221,2,0.0
MX120/0024,5083,10,103.3
MX380/A130,562,3,0.0
MX11/0609,7687,31,0.0
MX380/A183,12,1,0.0
MX120/A037,283,2,0.0
MX31/0026,1766,8,0.0
MX96/A0249,-30,1,0.0
MX11/A0399,135,1,0.0
MX20/A0346,2262,6,50.8
MX11/0249,2903,10,16.1
MX11/1270,3011,11,9.5
MX32/0080,1821,8,0.0
MX585/A026,-79,1,0.0
MX23/0111,2216,9,0.0
MX12/A0219,51,1,0.0
MX11/A0767,942,4,0.0
MX50/0002,620,3,0.0
MX13/0128,214,2,0.0
MX13/A0060,661,3,0.0
MX44/0013,924,4,0.0
MX11/0607,167,2,0.0
MX13/0145,714,3,0.0
MX46/A0015,1114,5,0.0
MX11/a1039,328,2,0.0
MX34/A0178,373,2,0.0
MX23/0060,4379,15,16.8
MX380/A182,147,1,0.0
MX11/A0925,785,2,57.0
MX12/A0259,-98,1,0.0
MX11/A0484,2592,7,48.1
MX20/A0449,932,5,0.0
MX11/A0966,1342,5,7.4
MX11/A1184,1495,5,19.6
MX585/A016,20,1,0.0
MX31/0027,1990,9,0.0
MX32/A0198,1930,7,10.3
MX13/0139,699,4,0.0
MX370/A036,3252,2,550.4
MX96/A0392,1337,4,33.7
MX380/A192,-35,1,0.0
MX11/A0718,5130,13,57.8
MX32/0001,813,3,8.4
MX23/A0263,436,3,0.0
MX20/A0462,2330,8,16.5
MX11/A0930,88,1,0.0
MX380/A162,137,1,0.0
MX120/A034,996,3,32.8
MX20/0136,1958,9,0.0
MX11/0685,2095,10,0.0
MX11/A1195,480,2,0.0
MX23/A0246,1841,6,22.7
MX380/A158,158,1,0.0
MX32/0011,2274,10,0.0
MX11/A1117,1428,4,42.8
MX20/A0499,-11,1,0.0
MX11/A1368,2090,7,19.4
MX380/A184,-47,1,0.0
MX40/0056,3055,12,1.8
MX11/A0549,3347,12,11.6
MX44/0002,1528,5,22.2
MX11/A0213,-31,1,0.0
MX11/A1432,143,1,0.0
MX11/A1350,-48,1,0.0
MX11/A1179,461,3,0.0
MX40/A0421,2446,5,95.7
MX11/A0591,391,2,0.0
MX31/A0058,2357,5,88.6
MX20/0224,2017,5,61.4
MX20/0182,2878,6,91.9
MX20/0235,2989,6,99.3
MX37/A0044,15,1,0.0
MX120/0054,1789,5,43.1
MX11/0640,1003,5,0.0
MX11/A0587,953,4,0.0
MX37/A0046,627,2,25.4
MX380/A103,476,3,0.0
MX96/A0425,157,2,0.0
MX11/A0981,339,2,0.0
MX20/A0356,807,4,0.0
MX910/0016,115,2,0.0
MX11/A1441,73,1,0.0
MX20/0218,2496,11,0.0
MX11/A1157,945,4,0.0
MX11/A1243,1499,5,19.9
MX11/A0442,2182,4,118.2
MX11/0495,2447,9,8.8
MX11/a1342,-38,1,0.0
MX13/0043,474,3,0.0
MX23/A0124,1662,8,0.0
MX585/A037,195,2,0.0
MX34/A0131,866,3,15.5
MX11/A1137,347,2,0.0
MX910/024,-18,1,0.0
MX34/A0078,3824,11,39.1
MX11/1108,2151,8,7.5
MX11/0282,880,5,0.0
MX11/A1197,-32,1,0.0
MX20/0152,3003,6,100.2
MX11/A1014,1236,3,64.8
MX11/0807,4038,16,0.9
MX40/A0102,31,1,0.0
MX96/A0219,1104,4,10.4
MX11/0649,250,2,0.0
MX23/A0352,26,1,0.0
MX44/A0229,810,4,0.0
MX20/0241,98,1,0.0
MX11/A1037,1070,5,0.0
MX11/0654,0,1,0.0
MX20/0204,5481,20,9.6
MX380/A212,3,1,0.0
MX32/0078,2014,7,15.1
MX380/A022,67,1,0.0
MX23/A0304,978,4,0.0
MX23/A0363,2502,7,43.0
MX120/0041,7530,15,100.8
MX11/1378,23,1,0.0
MX120/0105,48,2,0.0
MX11/0801,4084,15,8.9
MX11/A0015,92,1,0.0
MX11/A0469,5001,11,81.9
MX23/A0237,630,3,0.0
MX11/A1351,528,2,5.6
MX11/A0534,9226,24,53.8
MX11/A0968,686,3,0.0
MX11/A0776,1008,4,0.8
MX11/A1419,215,2,0.0
MX23/A0115,2662,10,6.5
MX40/0060,2397,6,59.8
MX11/A0167,2834,11,3.1
MX11/A1399,1195,3,59.3
MX380/A040,-25,1,0.0
MX20/A0410,2555,9,13.6
MX11/0497,3196,12,6.5
MX37/A0058,33,1,0.0
MX44/0121,1535,5,22.8
MX34/A0188,82,1,0.0
MX11/1210,45,1,0.0
MX11/A1415,-4,1,0.0
MX13/A0104,193,2,0.0
MX11/0517,1077,6,0.0
MX20/0137,2267,10,0.0
MX49/A0012,-36,1,0.0
MX11/A0438,380,3,0.0
MX11/A1406,1896,7,8.3
MX44/0152,2299,9,2.2
MX20/A0470,1827,8,0.0
MX11/A0174,75,1,0.0
MX40/0054,2457,7,40.4
MX11/A0917,109,1,0.0
MX370/0069,438,2,0.0
MX13/0028,214,2,0.0
MX11/0306,1390,6,0.0
MX380/A032,1101,5,0.0
MX585/A031,379,2,0.0
MX370/0015,2812,7,60.7
MX12/A0331,-74,1,0.0
MX44/A0190,1814,5,45.1
MX11/A0919,168,1,0.0
MX11/A1111,519,2,3.8
MX11/A1360,63,1,0.0
MX34/A0141,-56,1,0.0
MX910/0116,974,5,0.0
MX380/A129,579,3,0.0
MX11/A0175,16,1,0.0
MX23/0108,2048,10,0.0
MX11/A0771,8009,15,113.6
MX11/A1087,62,1,0.0
MX11/0664,0,1,0.0
MX40/A0120,2399,8,20.0
MX34/A0196,770,3,2.7
MX11/A1200,231,2,0.0
MX11/A1411,473,3,0.0
MX11/A1119,1759,4,75.9
MX20/A0408,205,2,0.0
MX120/0065,4742,10,89.7
MX23/A0299,1180,5,0.0
MX40/A0418,1692,7,0.0
MX11/0369,4130,17,0.0
MX11/0790,3901,15,4.0
MX20/0236,5029,12,67.6
MX95/A0100,-10,1,0.0
MX44/0123,1950,6,30.0
MX20/A0483,546,3,0.0
MX20/0203,3240,12,8.0
MX11/A1269,2129,6,41.9
MX13/A0136,-27,1,0.0
MX11/0573,1492,5,19.4
MX13/A0033,242,2,0.0
MX13/0140,179,2,0.0
MX20/0148,2365,6,57.7
MX11/A1143,3706,6,147.1
MX11/0913,4406,15,17.5
MX910/0128,197,2,0.0
MX120/0043,1627,4,62.7
MX910/0026,553,6,0.0
MX11/A0749,8088,10,223.5
MX11/A0141,107,1,0.0
MX11/A1259,3561,9,58.3
MX910/0084,687,6,0.0
MX23/A0163,1301,5,4.1
MX23/A0403,-26,1,0.0
MX44/A0233,800,4,0.0
MX50/0012,731,4,0.0
MX44/A0254,311,2,0.0
MX20/A0362,-3,1,0.0
MX96/A0365,2405,5,92.4
MX96/A0490,2671,6,78.1
MX910/0091,462,2,0.0
MX96/A0122,4730,2,846.0
MX94/A0040,-31,1,0.0
MX23/A0081,1096,4,9.6
MX23/0132,2528,9,12.4
MX20/0273,3456,12,15.2
MX11/A1331,1409,4,40.9
MX380/A150,220,2,0.0
MX11/A0774,43,1,0.0
MX13/0073,499,3,0.0
MX11/A1236,120,1,0.0
MX20/0219,2574,11,0.0
MX20/A0448,303,2,0.0
MX23/A0236,3167,12,5.6
MX20/A0437,1290,6,0.0
MX34/A0198,-45,1,0.0
MX585/A046,20,1,0.0
MX11/A0382,-59,1,0.0
MX11/0907,6522,21,24.2
MX23/A0315,2013,6,34.2
MX23/0336,1189,6,0.0
MX34/A0136,-42,1,0.0
MX13/A0012,149,2,0.0
MX380/A100,652,3,0.0
MX11/0914,4325,10,73.0
MX11/A0731,808,4,0.0
MX46/0002,383,3,0.0
MX20/A0466,2792,11,1.5
MX20/A0481,516,3,0.0
MX50/0008,925,5,0.0
MX20/0131,708,4,0.0
MX40/A0086,643,3,0.0
MX910/0112,2410,9,7.1
MX31/A0051,-2,1,0.0
MX20/0202,2978,11,8.3
MX40/A0104,42,1,0.0
MX11/A1319,7,1,0.0
MX32/0107,3575,13,10.0
MX11/A0288,-45,1,0.0
MX11/A0835,626,2,25.2
MX910/0154,63,1,0.0
MX71/0002,1704,6,13.6
MX11/0258,2148,10,0.0
MX11/A0883,424,2,0.0
MX11/A0599,-81,1,0.0
MX11/A0864,617,2,23.4
MX44/A0228,223,2,0.0
MX11/A1257,2595,7,48.3
MX380/A007,34,1,0.0
MX11/A0483,674,3,0.0
MX96/A0455,-30,1,0.0
MX20/A0228,2051,9,0.0
MX11/A0406,-53,1,0.0
MX20/A0497,104,1,0.0
MX31/A0016,806,4,0.0
MX11/A1393,29,1,0.0
MX11/A0292,802,3,6.9
MX40/0001,1353,7,0.0
MX13/0030,486,3,0.0
MX97/0491,518,1,107.2
MX910/0121,1238,6,0.0
MX11/A1261,229,2,0.0
MX11/A1450,84,1,0.0
MX370/0071,484,2,0.0
MX44/A0143,271,2,0.0
MX20/0214,3049,6,103.3
MX11/A1407,873,4,0.0
MX32/0091,1724,6,14.9
MX585/A017,39,1,0.0
MX40/0006,-12,1,0.0
MX11/A1510,-5,1,0.0
MX120/A079,19,1,0.0
MX11/A1168,362,2,0.0
MX23/A0407,90,1,0.0
MX23/A0198,98,1,0.0
MX11/0655,0,1,0.0
MX96/A0433,1003,3,33.7
MX23/A0321,2382,8,19.1
MX40/A0099,179,2,0.0
MX11/0317,2011,8,0.5
MX11/0783,2194,10,0.0
MX11/A0224,775,3,3.3
MX32/0075,2612,11,0.0
MX910/0009,271,2,0.0
MX11/0068,1048,4,4.8
MX11/A0871,76,1,0.0
MX44/0125,267,2,0.0
MX13/0152,-18,1,0.0
MX12/A0277,4,1,0.0
MX380/A190,197,2,0.0
MX11/A0576,338,2,0.0
MX12/A0223,503,2,0.6
MX11/A1401,931,4,0.0
MX11/0995,3693,14,5.5
MX910/0156,1312,8,0.0
MX11/0911,1317,5,5.4
MX11/A1045,1053,4,5.3
MX380/A102,14,1,0.0
MX20/0185,1903,5,52.2
MX11/A1359,6226,9,176.7
MX11/0885,3234,10,29.4
MX23/A0271,1358,6,0.0
MX32/0068,1781,8,0.0
MX44/A0257,778,4,0.0
MX11/A0327,8604,19,81.1
MX11/A1235,127,1,0.0
MX13/A0034,-74,1,0.0
MX11/0503,6551,20,31.0
MX44/0112,1117,5,0.0
MX20/0200,4003,11,45.6
MX23/0093,2244,8,12.2
MX20/A0502,49,1,0.0
MX11/0686,1364,7,0.0
MX11/A0753,826,2,65.2
MX585/A030,-39,1,0.0
MX11/A1454,833,4,0.0
MX37/A0016,1370,5,9.6
MX50/0063,780,4,0.0
MX11/A0992,189,2,0.0
MX31/0020,3563,8,78.1
MX11/A0970,-97,1,0.0
MX40/0003,2637,10,5.5
MX11/A0874,5046,12,68.2
MX11/0621,0,1,0.0
MX96/A0346,2288,5,83.0
MX11/A1198,7,1,0.0
MX11/A1329,1185,4,18.5
MX21/0012,3515,14,0.4
MX11/A1113,351,2,0.0
MX11/A0975,1844,6,22.9
MX11/A1139,100,1,0.0
MX31/A0029,2283,9,1.5
MX74/A0029,998,5,0.0
MX11/A0766,7401,11,169.1
MX11/A1172,59,1,0.0
MX20/0132,2175,10,0.0
MX11/0658,250,2,0.0
MX11/0663,399,3,0.0
MX23/A0228,100,1,0.0
MX40/0065,3272,11,19.0
MX910/0169,-50,1,0.0
MX23/a0350,-89,1,0.0
MX11/0318,2478,8,23.9
MX11/A0715,3503,13,7.8
MX11/1104,1809,7,3.4
MX910/0051,3798,16,0.0
MX31/a0050,387,2,0.0
MX23/A0289,1945,8,0.0
MX910/0115,306,1,22.4
MX31/A0053,3961,5,216.9
MX11/0301,1168,5,0.0
MX94/A0065,230,2,0.0
MX50/0048,1756,7,0.3
MX11/0794,2639,11,0.0
MX20/0270,1968,8,0.0
MX20/A0491,212,1,0.0
MX74/A0008,2163,8,8.2
MX20/0275,3782,11,37.5
MX37/A0009,835,3,11.3
MX40/0057,954,6,0.0
MX11/0908,976,5,0.0
MX11/a0438,-21,1,0.0
MX23/A0218,2576,10,3.0
MX44/A0248,150,2,0.0
MX44/0149,-71,1,0.0
MX96/A0299,640,2,28.0
MX11/A1470,848,3,13.1
MX37/A0020,137,1,0.0
MX11/A1323,837,4,0.0
MX11/A1115,115,1,0.0
MX11/1009,1105,4,10.5
MX13/A0166,118,2,0.0
MX21/0015,2447,10,0.0
MX11/0244,3684,13,13.4
MX44/0111,1557,5,24.6
MX910/0005,82,2,0.0
MX20/0168,2660,4,166.0
MX11/A0440,1312,5,5.0
MX11/A0487,23159,31,198.8
MX13/0041,700,3,0.0
MX11/1292,1459,7,0.0
MX11/A0754,2177,9,0.0
MX32/0151,2957,11,7.5
MX910/0011,1730,9,0.0
MX380/A138,43,1,0.0
MX11/0562,1702,6,13.5
MX31/A0041,479,2,0.0
MX98/A0009,1865,8,0.0
MX40/A0091,3007,11,9.3
MX44/0169,1350,5,8.0
MX11/A0740,583,3,0.0
MX11/A1449,633,3,0.0
MX97/0403,2902,1,1060.8
MX44/0106,1781,8,0.0
MX11/0566,733,4,0.0
MX120/0040,1719,4,71.9
MX23/a0232,29,1,0.0
MX11/A0232,-61,1,0.0
MX43/A0005,0,1,0.0
MX11/0902,1979,6,31.9
MX370/0004,3558,8,77.9
MX11/0615,6155,25,0.0
MX37/A0035,402,2,0.0
MX370/A048,9,1,0.0
MX31/A0055,4383,16,9.6
MX20/A0503,21,1,0.0
MX910/0147,711,5,0.0
MX910/0107,905,6,0.0
MX11/A1425,296,2,0.0
MX13/A0110,480,2,0.0
MX44/0154,606,3,0.0
MX11/0316,2764,7,57.9
MX910/A164,-50,1,0.0
MX32/0079,2007,8,0.4
MX11/0999,1182,4,18.2
MX20/0146,2348,8,17.4
MX23/A0250,761,4,0.0
MX120/0055,-38,1,0.0
MX11/A1355,2611,8,30.6
MX23/A0375,1260,6,0.0
MX11/A0596,88,1,0.0
MX11/A0443,1036,3,38.1
MX370/0070,1067,3,42.3
MX23/A0345,1833,6,22.2
MX21/0020,1959,7,11.9
MX370/A047,202,2,0.0
MX23/0063,1733,8,0.0
MX98/A0012,1120,6,0.0
MX11/A1251,97,1,0.0
MX32/0097,566,3,0.0
MX40/0033,1985,9,0.0
MX23/A0404,19,1,0.0
MX11/0496,3880,16,0.0
MX11/0309,1099,4,9.9
MX34/A0112,100,1,0.0
MX44/A0205,217,2,0.0
MX910/0165,51,1,0.0
MX20/A0454,2511,8,25.6
MX32/0076,1419,5,13.5
MX370/A012,1188,5,0.0
MX11/0610,5483,23,0.0
MX11/0004,2494,9,10.8
MX23/A0380,439,2,0.0
MX13/A0120,112,1,0.0
MX96/A0162,28,1,0.0
MX13/A0105,-127,1,0.0
MX11/1020,1391,6,0.0
MX910/0120,1538,7,0.0
MX11/A1310,326,2,0.0
MX50/0006,164,2,0.0
MX44/0166,1556,6,3.7
MX11/0791,2785,12,0.0
MX380/A185,18,1,0.0
MX31/A0061,2654,6,76.9
MX11/0804,2288,10,0.0
MX20/A0342,1217,5,0.0
MX11/0196,2943,12,0.0
MX20/0297,2613,5,109.0
MX34/A0110,909,3,21.2
MX13/0127,670,4,0.0
MX23/A0341,1675,8,0.0
MX11/A0527,2212,7,26.4
MX20/A0394,3232,12,7.7
MX20/0230,2966,5,137.3
MX23/0001,466,3,0.0
MX300/0002,242,2,0.0
MX23/0106,2541,9,12.9
MX37/A0038,480,1,92.0
MX32/A0122,630,3,0.0
MX11/A0965,740,3,0.0
MX20/A0475,152,1,0.0
MX23/A0212,1806,8,0.0
MX20/0221,1767,5,41.4
MX11/A0219,569,3,0.0
MX11/A0598,238,3,0.0
MX20/0001,1199,6,0.0
MX34/A0146,53,1,0.0
MX11/0909,449,3,0.0
MX96/A0435,-3,1,0.0
MX74/0040,204,2,0.0
MX40/0058,2589,12,0.0
MX11/0372,6184,24,3.1
MX23/A0117,1222,5,0.0
MX11/A0393,2365,6,57.7
MX11/A1403,251,3,0.0
MX23/A0207,1868,8,0.0
MX20/0238,2361,6,57.4
MX11/0200,1808,8,0.0
MX20/0017,-3,1,0.0
MX11/0198,1191,6,0.0
MX20/0211,1685,5,34.8
MX120/A038,276,2,0.0
MX11/A1383,1865,6,24.3
MX11/0005,392,2,0.0
MX44/0122,1308,6,0.0
MX11/A1250,347,2,0.0
MX11/0671,0,1,0.0
MX20/A0381,1841,6,22.7
MX370/A013,269,2,0.0
MX44/0135,530,3,0.0
MX32/0008,2101,9,0.0
MX380/A171,-79,1,0.0
MX11/0635,1743,7,0.0
MX40/0064,2198,7,25.6
MX11/A1182,3420,12,14.0
MX11/0187,3109,9,38.2
MX23/A0146,1222,3,62.9
MX40/A0109,465,3,0.0
MX21/A0016,2922,6,94.8
MX13/A0092,64,1,0.0
MX97/0571,1713,1,585.2
MX11/A0066,-84,1,0.0
MX11/0194,1800,8,0.0
MX94/A0032,178,1,0.0
MX11/0373,4775,17,12.4
MX44/0109,1359,7,0.0
MX11/1107,2058,8,2.9
MX71/A0019,254,2,0.0
MX120/0044,7731,17,81.9
MX370/0065,1041,3,38.8
MX96/0040,2025,1,710.0
MX11/A1431,69,1,0.0
MX23/A0283,2987,10,19.5
MX32/0148,1826,6,21.7
MX11/A1384,1991,6,32.7
MX23/A0157,3493,15,0.0
MX20/A0397,1254,4,25.4
MX11/A1044,4215,12,40.5
MX23/A0225,62,1,0.0
MX23/0338,1440,5,15.2
MX910/0056,537,3,0.0
MX11/0895,1555,6,3.7
MX32/0092,1271,4,27.1
MX23/A0385,256,2,0.0
MX40/0002,2368,7,35.3
MX11/0271,1359,6,0.0
MX44/A0082,221,2,0.0
MX11/0619,3567,15,0.0
MX11/A0435,57,1,0.0
MX20/A0458,1415,3,88.7
MX44/0137,113,1,0.0
MX910/0074,1323,3,76.4
MX11/A0173,242,2,0.0
MX31/A0063,2115,6,41.0
MX11/A0936,2182,6,45.5
MX11/1102,1060,5,0.0
MX11/A1344,38,1,0.0
MX20/A0501,730,4,0.0
MX11/0365,4460,19,0.0
MX44/0118,1265,4,26.5
MX32/0109,2878,12,0.0
MX11/0104,275,2,0.0
MX70/0002,1230,3,64.0
MX23/0104,2537,10,1.5
MX23/A0371,1072,5,0.0
MX910/0136,731,4,0.0
MX34/A0132,76,1,0.0
MX13/0143,291,2,0.0
MX13/A0067,247,2,0.0
MX370/0064,536,2,7.2
MX32/0114,1830,6,22.0
MX20/A0255,1495,6,0.0
MX910/0149,742,5,0.0
MX23/A0327,1309,6,0.0
MX44/0116,1605,5,28.4
MX11/A1215,45,1,0.0
MX380/A161,57,2,0.0
MX380/A082,122,2,0.0
MX11/A1089,3050,9,35.6
MX23/A0264,754,3,0.5
MX380/A049,20,1,0.0
MX34/A0117,500,2,0.0
MX23/A0156,1818,7,3.9
MX34/A0156,-76,1,0.0
MX32/0093,886,4,0.0
MX11/1291,4032,14,15.2
MX96/A0290,0,1,0.0
MX31/A0056,1534,7,0.0
MX23/A0322,2719,9,20.8
MX120/A033,5238,15,39.7
MX11/A0463,2035,6,35.7
MX31/0004,1344,6,0.0
MX11/A0837,3119,7,78.2
MX20/0005,783,4,0.0
MX11/0574,1111,5,0.0
MX11/A1443,3114,7,77.9
MX13/A0112,-32,1,0.0
MX23/A0258,1568,6,4.5
MX11/A1278,5421,16,35.5
MX11/A0941,6559,16,64.0
MX20/0143,1916,8,0.0
MX11/0684,382,3,0.0
MX13/0069,975,4,0.0
MX11/0646,1806,6,20.4
MX380/A026,-78,1,0.0
MX21/0008,2384,9,6.0
MX40/A0119,3231,12,7.7
MX13/0074,297,2,0.0
MX380/A143,724,4,0.0
MX11/A1196,758,3,1.1
MX11/A0779,344,1,37.6
MX11/0570,98,1,0.0
MX12/A0244,41,1,0.0
MX11/0500,2537,10,1.5
MX50/0053,539,3,0.0
MX370/0072,8,1,0.0
MX32/0136,1074,5,0.0
MX96/A0393,-58,1,0.0
MX380/A042,618,3,0.0
MX96/A0285,650,2,30.0
MX11/0006,1412,5,13.0
MX32/0013,2430,7,38.9
MX120/A072,305,2,0.0
MX11/0903,5422,17,27.6
MX50/0049,478,3,0.0
MX380/A039,1017,4,1.7
MX380/A145,923,5,0.0
MX40/A0420,904,5,0.0
MX23/A0209,3237,9,43.9
MX23/A0073,1111,7,0.0
MX20/A0357,1754,7,0.2
MX23/A0295,2610,5,108.8
MX40/0068,2066,6,37.7
MX11/A0528,4491,11,63.3
MX20/A0445,1178,6,0.0
MX11/A0734,3660,8,83.0
MX11/A1032,2055,6,37.0
MX11/1133,96,1,0.0
MX96/A0443,574,2,14.8
MX11/A0937,10,1,0.0
MX32/0087,539,4,0.0
MX44/A0191,608,3,0.0
MX11/A0863,467,2,0.0
MX40/A0131,474,3,0.0
MX74/A0025,1293,5,3.4
MX96/A0354,736,2,47.2
MX11/A1138,838,4,0.0
MX20/0220,3010,11,9.5
MX11/0058,3937,16,0.0
MX11/A0986,732,3,0.0
MX31/A0065,1167,3,55.6
MX50/A0079,147,1,0.0
MX11/A0935,2029,6,35.3
MX11/a0760,-70,1,0.0
MX23/A0355,707,3,0.0
MX11/A0879,35,1,0.0
MX11/A1034,565,3,0.0
MX11/A1191,464,3,0.0
MX11/0660,0,1,0.0
MX20/A0439,2144,7,22.5
MX585/A023,-44,1,0.0
MX23/A0388,211,2,0.0
MX380/A115,204,1,0.0
MX11/A0733,147,2,0.0
MX11/0634,676,4,0.0
MX11/0190,773,4,0.0
MX23/A0275,1853,7,5.9
MX23/a0342,-58,1,0.0
MX11/0563,2355,7,34.6
MX23/A0308,1836,5,46.9
MX44/0218,8,1,0.0
MX23/A0273,250,2,0.0
MX23/A0350,220,2,0.0
MX11/A1380,1512,5,21.0
MX12/A0282,-98,1,0.0
MX44/0160,680,4,0.0
MX40/A0126,2070,8,3.5
MX44/A0260,573,3,0.0
MX44/0120,1235,4,23.5
MX11/A0364,-63,1,0.0
MX23/0134,2195,9,0.0
MX44/0126,2986,10,19.4
MX11/0009,1102,4,10.2
MX34/A0182,401,2,0.0
MX11/A0751,103,1,0.0
MX31/A0048,1630,6,8.7
MX13/0029,167,2,0.0
MX11/A1173,5265,15,40.4
MX370/A030,1437,6,0.0
MX23/A0316,1859,9,0.0
MX96/A0369,50,1,0.0
MX20/A0261,3129,14,0.0
MX23/A0405,62,1,0.0
MX40/0066,1707,4,70.7
MX11/A1328,1398,4,39.8
MX11/A1029,632,4,0.0
MX11/A0458,251,2,0.0
MX13/0135,935,4,0.0
MX11/0505,447,3,0.0
MX32/0002,2595,9,15.3
MX20/0190,3368,11,22.5
MX32/A0131,727,3,0.0
MX910/0003,1856,7,6.1
MX31/A0015,311,2,0.0
MX11/0784,3628,14,3.7
MX11/1135,11,1,0.0
MX40/A0132,473,3,0.0
MX46/0001,285,2,0.0
MX11/0652,-30,1,0.0
MX11/0796,1492,6,0.0
MX380/0001,3235,13,0.0
MX11/A0461,2852,7,63.0
MX11/A1171,354,2,0.0
MX23/A0272,658,3,0.0
MX23/0088,3871,13,19.1
MX44/0117,1466,6,0.0
MX11/A1405,-89,1,0.0
MX11/A0134,108,1,0.0
MX11/A1402,2222,5,77.8
MX585/A015,-1,1,0.0
MX32/0090,1725,8,0.0
MX40/A0073,745,4,0.0
MX23/A0227,260,2,0.0
MX11/0371,3806,16,0.0
MX11/A0988,46,1,0.0
MX11/0789,2998,11,9.0
MX11/1007,4139,10,65.6
MX11/A0462,1238,4,23.8
MX96/A0150,151,1,0.0
MX23/A0085,911,4,0.0
MX20/0002,499,3,0.0
MX11/A0979,1966,4,96.6
MX20/A0345,229,2,0.0
MX11/A0486,765,3,2.0
MX910/0090,1022,5,0.0
MX11/A1110,821,3,9.5
MX50/0047,1058,4,5.8
MX20/0163,4688,8,134.4
MX11/0053,5995,19,26.2
MX96/A0486,-12,1,0.0
MX11/0799,1520,7,0.0
MX11/A1342,-94,1,0.0
MX37/A0036,1407,4,40.7
MX380/A106,429,3,0.0
MX49/0011,142,2,0.0
MX11/A0819,578,3,0.0
MX11/A0987,1377,4,37.7
MX11/A1412,328,2,0.0
MX34/A0166,2908,2,481.6
MX23/A0122,295,2,0.0
MX11/A1164,1526,6,1.7
MX50/0004,531,3,0.0
MX23/A0214,2628,10,5.1
MX96/A0314,734,2,46.8
MX11/A0969,-28,1,0.0
MX330/0022,1488,5,19.0
MX20/0189,2183,8,9.2
MX11/a0941,-9,1,0.0
MX34/A0193,0,1,0.0
MX94/A0062,2262,9,0.5
MX380/A027,1199,4,19.9
MX40/A0118,27,1,0.0
MX11/A1347,584,2,16.8
MX11/A1429,358,2,0.0
MX11/A1466,-21,1,0.0
MX910/A122,433,3,0.0
MX20/A0409,1254,5,0.3
MX11/A0409,335,3,0.0
MX910/0050,2277,10,0.0
MX31/0019,2665,8,33.2
MX11/A0214,857,3,14.3
MX120/A077,1478,4,47.8
MX32/0089,2273,10,0.0
MX120/0107,786,3,4.8
MX380/A044,1821,7,4.1
MX50/0058,773,4,0.0
MX370/A029,3715,11,35.1
MX71/0001,854,5,0.0
MX34/A0144,774,2,54.8
MX11/A0918,244,2,0.0
MX910/0126,602,4,0.0
MX380/A170,147,2,0.0
MX11/1000,1073,5,0.0
MX11/0322,969,4,0.0
MX910/0168,24,1,0.0
MX11/A0488,6577,6,338.5
MX20/0134,3061,11,11.3
MX13/0137,841,3,12.1
MX96/A0373,72,1,0.0
MX11/0507,5084,19,7.0
MX11/0248,1015,6,0.0
MX44/0104,1694,6,12.9
MX11/A1240,331,2,0.0
MX44/A0213,161,2,0.0
MX11/0269,1826,8,0.0
MX23/A0265,-20,1,0.0
MX11/A0209,174,1,0.0
MX32/0110,1567,7,0.0
MX11/A0390,384,2,0.0
MX37/A0005,297,2,0.0
MX23/A0291,1609,4,60.9
MX11/0501,2108,9,0.0
MX11/A1369,2651,7,51.5
MX380/A175,25,1,0.0
MX12/A0222,55,1,0.0
MX11/A1177,1857,4,85.7
MX11/0319,3525,15,0.0
MX31/A0067,3374,13,3.8
MX20/0013,-33,1,0.0
MX20/0269,2335,10,0.0
MX11/A1424,420,2,0.0
MX11/A1265,4575,13,40.8
MX11/A1148,413,2,0.0
MX20/0154,1999,4,99.9
MX13/A0061,120,1,0.0
MX23/0337,1703,8,0.0
MX585/A007,59,2,0.0
MX11/0742,1523,7,0.0
MX11/A0984,856,4,0.0
MX23/A0254,1048,4,4.8
MX37/A0015,107,1,0.0
MX37/A0037,466,2,0.0
MX32/A0203,2865,11,4.2
MX11/0641,2023,8,1.1
MX96/A0442,1089,3,45.2
MX20/A0485,330,2,0.0
MX11/A0575,1175,5,0.0
MX23/A0401,0,1,0.0
MX11/A1513,945,4,0.0
MX11/A1381,307,2,0.0
MX20/0225,1519,4,51.9
MX40/0067,1725,5,38.0
MX21/A0018,838,4,0.0
MX20/0293,4010,11,45.8
MX11/A1321,3567,9,58.5
MX13/A0154,275,2,0.0
MX910/0127,775,6,0.0
MX11/0247,1774,8,0.0
MX23/A0374,1477,7,0.0
MX21/0019,2449,7,39.9
MX910/0145,395,2,0.0
MX11/A0554,-10,1,0.0
MX120/0064,3743,9,66.4
MX11/1126,133,2,0.0
MX12/A0250,-36,1,0.0
MX11/A1413,629,3,0.0
MX40/0062,2038,8,1.9
MX380/A015,202,2,0.0
MX46/A0013,106,1,0.0
MX46/A0017,479,3,0.0
MX380/A038,30,1,0.0
MX20/A0490,746,4,0.0
MX20/0227,1995,5,59.6
MX23/A0252,2239,8,11.9
MX11/1127,56,1,0.0
MX13/0141,-93,1,0.0
MX40/A0087,197,2,0.0
MX23/0105,1772,8,0.0
MX20/0213,2198,3,193.1
MX23/A0279,722,3,0.0
MX11/0674,250,2,0.0
MX11/A1458,1230,3,64.0
MX11/A1509,-31,1,0.0
MX13/A0117,54,1,0.0
MX40/0048,2101,7,20.1
MX23/0335,1557,7,0.0
MX31/0032,2134,7,21.9
MX20/A0459,1955,6,30.3
MX500/0003,2302,6,53.5
MX12/A0224,-69,1,0.0
MX37/A0056,-69,1,0.0
MX23/A0270,1645,8,0.0
MX11/0304,1725,3,130.0
MX20/A0433,1647,3,119.6
MX11/A0880,1619,5,29.5
MX11/0605,5439,20,8.8
MX23/0333,2776,9,23.4
MX11/0253,1641,7,0.0
MX20/A0496,88,1,0.0
MX11/0268,1573,8,0.0
MX20/0175,3766,14,7.6
MX37/A0057,-134,1,0.0
MX23/0069,3278,11,19.2
MX11/0255,962,5,0.0
MX20/0141,501,3,0.0
MX32/0003,1275,6,0.0
MX910/0148,789,4,0.0
MX380/A050,390,2,0.0
MX11/A0456,676,2,35.2
MX96/A0333,1894,3,152.5
MX11/0668,-98,1,0.0
MX50/0050,209,2,0.0
MX94/A0064,219,2,0.0
MX11/0788,2338,10,0.0
MX370/A014,153,2,0.0
MX23/A0312,1721,2,244.2
MX11/A1387,1442,4,44.2
MX40/0047,1807,6,20.5
MX501/0001,1007,3,34.3
MX11/A1239,292,2,0.0
MX49/A0017,38,1,0.0
MX74/A0002,646,3,0.0
MX44/0165,1545,5,23.6
MX11/A1488,1092,3,45.6
MX13/A0036,-35,1,0.0
MX34/A0125,1122,3,49.6
MX380/A078,230,2,0.0
MX11/A1199,326,2,0.0
MX46/0004,239,2,0.0
MX11/0191,2957,11,7.5
MX11/A1027,576,3,0.0
MX585/A068,236,2,0.0
MX11/A0437,68,1,0.0
MX11/1298,3993,14,14.1
MX37/A0039,2252,6,50.1
MX20/A0469,2747,8,37.4
MX11/0109,462,3,0.0
MX11/A0451,333,2,0.0
MX11/A0980,1923,5,53.8
MX23/A0346,261,2,0.0
MX11/A1242,342,2,0.0
MX20/A0363,765,4,0.0
MX44/A0285,751,4,0.0
MX11/A1467,1336,4,33.6
MX11/A0934,11,1,0.0
MX32/A0201,882,4,0.0
MX330/0023,52,2,0.0
MX11/A1042,5459,10,118.4
MX50/0001,287,2,0.0
MX44/0001,353,3,0.0
MX23/0062,1722,7,0.0
MX11/A1156,-1,1,0.0
MX96/A0292,32,1,0.0
MX370/A032,64,1,0.0
MX11/A1254,1708,6,13.9
MX370/A044,385,3,0.0
MX96/A0488,72,1,0.0
MX11/A1041,1453,6,0.0
MX11/A1012,711,3,0.0
MX11/0912,9150,24,52.5
MX11/1276,2266,10,0.0
MX13/0078,1001,4,0.1
MX370/0003,4230,9,88.0
MX11/A0468,3886,10,55.4
MX97/0427,418,1,67.2
MX11/A1252,-42,1,0.0
MX44/0145,273,2,0.0
MX11/A0410,52,1,0.0
MX370/A021,2895,11,5.3
MX11/A1116,1455,4,45.5
MX11/A1096,0,1,0.0
MX11/1211,1,1,0.0
MX11/0657,0,1,0.0
MX20/A0442,3639,13,12.0
MX40/A0426,-54,1,0.0
MX11/0651,-90,1,0.0
MX20/A0418,2774,10,11.0
MX11/A1423,20,1,0.0
MX20/0243,2395,5,91.6
MX11/A1247,266,2,0.0
MX34/A0145,18,1,0.0
MX44/0128,781,4,0.0
MX330/0021,518,2,3.6
MX32/0135,2512,11,0.0
MX11/A1336,-104,1,0.0
MX380/A059,-5,1,0.0
MX23/A0202,1191,3,58.8
MX40/A0081,113,1,0.0
MX585/A024,154,2,0.0
MX380/A083,-7,1,0.0
MX20/A0467,1447,6,0.0
MX20/0237,2936,6,95.7
MX32/0147,373,2,0.0
MX20/0156,3968,10,58.7
MX13/0142,265,2,0.0
MX940/0045,0,1,0.0
MX31/A0050,474,2,0.0
MX370/A049,40,1,0.0
MX20/A0373,1771,7,1.2
MX23/A0274,2174,8,8.7
MX32/A0159,-10,1,0.0
MX23/0133,2911,11,5.9
MX370/A006,218,2,0.0
MX11/0795,3927,17,0.0
MX47/A0006,26,1,0.0
MX380/A052,28,1,0.0
MX32/A0207,1505,4,50.5
MX11/0893,3819,11,38.9
MX37/A0060,1,1,0.0
MX13/A0109,-79,1,0.0
MX37/A0041,1282,3,70.9
MX23/A0285,801,3,6.8
MX11/A0921,635,2,27.0
MX11/A0582,132,1,0.0
MX13/0076,952,4,0.0
MX20/0272,2597,10,3.9
MX11/A0978,1471,5,17.7
MX11/A0601,248,2,0.0
MX23/A0288,3149,11,14.5
MX910/0027,1230,4,23.0
MX11/A1473,1984,6,32.3
MX11/1134,-11,1,0.0
MX11/A0353,19,1,0.0
MX37/A0034,15,1,0.0
MX380/A168,448,3,0.0
MX11/A0866,129,1,0.0
MX11/A0234,-16,1,0.0
MX96/A0418,1420,4,42.0
MX23/A0269,699,4,0.0
MX23/0107,2248,9,0.0
MX585/A009,33,1,0.0
MX380/A009,1213,5,0.0
MX11/A1256,872,3,16.3
MX44/0171,2957,11,7.5
MX11/0809,2988,13,0.0
MX40/0069,1133,5,0.0
MX11/0896,1834,8,0.0
MX910/0150,825,7,0.0
MX20/0142,1606,6,7.1
MX20/A0461,2041,8,2.1
MX40/A0422,2875,11,4.5
MX11/0323,2179,10,0.0
MX20/0144,4366,12,45.5
MX44/0110,1780,6,18.7
MX11/A0490,208,1,0.0
MX370/A045,379,3,0.0
MX380/A079,1098,4,9.8
MX910/0092,1839,8,0.0
MX32/0106,2201,9,0.0
MX40/A0106,2122,6,41.5
MX20/0295,1960,5,56.8
MX11/A0404,29,1,0.0
MX11/A0541,44,2,0.0
MX11/0245,2066,7,18.1
MX120/A047,332,3,0.0
MX380/A047,414,3,0.0
MX11/0565,1111,4,11.1
MX11/A0581,2889,12,0.0
MX380/A144,503,3,0.0
MX11/A1112,1268,4,26.8
MX40/A0072,830,4,0.0
MX20/0130,956,5,0.0
MX11/A0294,781,2,56.2
MX44/A0258,24,1,0.0
MX11/1022,2717,11,0.0
MX44/0170,1474,6,0.0
MX11/0263,3620,13,11.4
MX11/1299,292,2,0.0
MX32/0111,-35,1,0.0
MX380/A041,264,2,0.0
MX23/A0324,2790,8,39.5
MX32/0084,1474,5,17.9
MX11/A1451,-56,1,0.0
MX50/A0065,222,2,0.0
MX11/0504,769,4,0.0
MX40/A0114,444,3,0.0
MX11/1275,2352,10,0.0
MX11/A1101,-69,1,0.0
MX23/0332,1109,6,0.0
MX11/0644,3105,10,24.2
MX380/A091,852,3,13.6
MX32/A0212,672,3,0.0
MX95/A0140,140,1,0.0
MX11/A1361,-100,1,0.0
MX94/A0067,167,2,0.0
MX120/0059,5098,11,85.4
MX120/A028,401,2,0.0
MX120/A081,81,1,0.0
MX32/0088,1411,4,41.1
MX11/A1465,1945,5,55.6
MX11/A1194,347,2,0.0
MX44/0026,-65,1,0.0
MX20/A0484,783,4,0.0
MX11/0001,1524,6,1.6
MX11/0623,426,3,0.0
MX370/A026,33,1,0.0
MX20/A0474,1023,3,36.4
MX44/0168,1600,5,28.0
MX13/0075,249,2,0.0
MX11/A0472,254,3,0.0
MX380/A058,474,2,0.0
MX11/A0425,1217,3,62.3
MX11/A1356,3082,9,37.0
MX50/0055,322,2,0.0
MX380/A016,793,4,0.0
MX370/0016,1767,4,76.7
MX44/0158,2115,8,5.8
MX23/A0241,-17,1,0.0
MX500/0004,2135,10,0.0
MX96/A0504,184,1,0.0
MX20/0209,2801,7,60.1
MX11/A0977,943,3,25.7
MX44/A0259,553,3,0.0
MX23/A0112,206,2,0.0
MX11/0321,963,5,0.0
MX11/0898,925,5,0.0
MX20/A0438,1042,5,0.0
MX585/A008,-33,1,0.0
MX20/0199,2124,8,6.2
MX23/A0249,2213,7,26.5
MX44/A0268,726,4,0.0
MX11/1011,3200,12,6.7
MX96/A0428,1545,3,106.0
MX44/A0251,611,3,0.0
MX11/0374,2355,10,0.0
MX31/0008,292,2,0.0
MX37/A0023,32,1,0.0
MX11/0604,5555,21,5.8
MX11/A1185,1830,5,46.4
MX21/0009,2661,10,6.4
MX300/A004,264,2,0.0
MX23/A0365,362,2,0.0
MX44/A0188,-55,1,0.0
MX44/0161,2273,10,0.0
MX23/A0154,581,3,0.0
MX11/0324,2253,9,0.1
MX20/A0374,461,2,0.0
MX23/0110,1063,5,0.0
MX11/A0714,4457,15,18.9
MX94/A0055,2034,9,0.0
MX31/A0064,2375,7,35.7
MX23/A0145,592,3,0.0
MX370/0005,4175,10,67.0
MX96/A0178,-106,1,0.0
MX46/0003,1489,7,0.0
MX20/A0482,554,3,0.0
MX32/A0209,217,2,0.0
MX11/A0222,1182,5,0.0
MX40/0050,520,2,4.0
MX23/A0313,1001,3,33.5
MX11/1024,1324,6,0.0
MX120/A073,313,2,0.0
MX11/A1398,515,3,0.0
MX23/A0219,2580,11,0.0
MX20/A0440,725,3,0.0
MX44/A0276,685,2,37.0
MX32/A0127,226,2,0.0
MX34/A0171,81,1,0.0
MX11/A0526,1421,4,42.1
MX11/A0089,3662,12,22.1
MX13/A0131,495,3,0.0
MX11/A1385,1978,6,31.9
MX11/A0578,2797,8,39.9
MX11/0645,1618,9,0.0
MX380/A033,121,1,0.0
MX11/0069,2049,9,0.0
MX910/0076,3135,13,0.0
MX13/0027,298,3,0.0
MX20/0239,2144,5,71.5
MX50/0003,688,4,0.0
MX34/A0102,380,3,0.0
MX50/0010,1937,9,0.0
MX11/0313,1527,7,0.0
MX13/0138,239,2,0.0
MX120/0060,3990,8,99.5
MX11/A0741,-77,1,0.0
MX23/A0245,1778,5,42.2
MX40/A0077,675,4,0.0
MX12/A0236,31,1,0.0
MX380/A169,67,2,0.0
MX97/0524,824,1,229.6
MX20/0274,3833,12,27.8
MX23/a0353,93,1,0.0
MX23/A0376,40,1,0.0
MX32/a0185,-60,1,0.0
MX20/A0478,1372,6,0.0
MX11/0673,530,3,0.0
MX34/A0207,9,1,0.0
MX21/0011,3557,10,42.3
MX380/A157,128,1,0.0
MX11/A1537,195,1,0.0
MX11/A0454,474,2,0.0
MX11/0054,4627,18,2.8
MX11/0029,5547,10,121.9
MX11/A0455,59,1,0.0
MX74/A0038,-56,1,0.0
MX11/0367,2106,9,0.0
MX11/A1214,384,2,0.0
MX11/0782,1869,8,0.0
MX11/0687,1580,8,0.0
MX11/A0162,1532,6,2.1
MX20/A0500,488,3,0.0
MX11/A1192,672,3,0.0
MX11/0298,5,1,0.0
MX40/0055,2673,10,6.9
MX11/0297,2610,10,4.4
MX32/A0120,362,2,0.0
MX910/0017,117,2,0.0
MX23/A0323,1773,7,1.3
MX23/A0370,955,4,0.0
MX44/0107,156,1,0.0
MX50/0061,695,3,0.0
MX32/0072,3270,10,30.8
MX370/A046,191,2,0.0
MX20/A0401,1028,3,37.1
MX11/0800,1601,5,28.1
MX20/0231,5647,12,88.2
MX20/0004,3320,13,2.2
MX20/A0301,5621,9,149.8
MX20/0174,3497,13,7.6
MX11/1297,3334,13,2.6
MX32/0095,2938,13,0.0
MX20/0135,1510,6,0.7
MX11/0096,1705,6,13.7
MX37/A0059,13,1,0.0
MX11/A1428,2669,8,33.5
MX11/0682,312,3,0.0
MX23/A0253,253,2,0.0
MX11/A1279,965,3,28.7
MX380/A080,510,3,0.0
MX13/0044,16,2,0.0
MX23/A0277,2732,7,56.1
MX96/A0130,470,3,0.0
MX37/A0033,-13,1,0.0
MX44/0003,2034,6,35.6
MX34/A0134,656,2,31.2
MX94/A0066,122,1,0.0
MX11/A0276,2361,8,18.1
MX40/A0416,104,2,0.0
MX23/A0305,1072,4,7.2
MX96/A0324,2710,6,80.7
MX44/A0269,9,1,0.0
MX11/0559,1465,5,17.2
MX11/A1167,285,2,0.0
MX910/0119,1929,9,0.0
MX11/A1178,132,1,0.0
MX11/0055,1649,8,0.0
MX97/1150,3780,1,1412.0
MX11/A0990,857,4,0.0
MX910/0151,1351,8,0.0
MX11/A1448,440,2,0.0
MX96/A0423,1756,4,75.6
MX11/0743,1741,7,0.0
MX11/0059,2994,14,0.0
MX11/A0448,1423,5,13.8
MX32/0077,1511,6,0.7
MX23/A0301,1402,3,86.9
MX34/A0177,71,1,0.0
MX40/0034,2221,9,0.0
MX44/A0242,98,1,0.0
MX11/0659,287,2,0.0
MX11/A0403,250,3,0.0
MX44/0004,583,3,0.0
MX11/A1366,3828,6,155.2
MX11/1008,2676,9,18.9
MX380/A072,900,4,0.0
MX23/A0282,1607,6,7.1
MX11/A1144,498,2,0.0
MX11/0622,0,1,0.0
MX11/A0383,86,1,0.0
MX11/a1178,76,1,0.0
MX44/A0250,477,3,0.0
MX20/0147,2746,9,22.0
MX23/0061,2173,10,0.0
MX44/A0277,288,2,0.0
MX120/A088,246,1,0.0
MX96/A0482,987,2,97.4
MX11/A1434,1069,4,6.9
MX11/0627,-10,1,0.0
MX11/0744,534,3,0.0
MX11/0270,3308,14,0.0
MX40/A0130,538,3,0.0
MX11/0572,1232,5,0.0
MX380/A090,691,3,0.0
MX44/A0185,1965,7,12.3
MX910/0075,186,2,0.0
MX96/A0331,1189,3,58.5
MX23/A0354,775,4,0.0
MX11/A1033,1219,6,0.0
MX11/A0769,-13,1,0.0
MX11/0680,738,4,0.0
MX585/A020,149,3,0.0
MX44/A0238,370,3,0.0
MX23/A0387,65,1,0.0
MX11/A1400,207,1,0.0
MX23/0136,3469,12,15.6
MX11/A1263,2706,9,20.3
MX20/A0480,1613,7,0.0
MX23/A0216,1559,6,3.9
MX96/A0044,946,3,26.1
MX11/0792,3354,14,0.0
MX11/A1190,78,1,0.0
MX11/1001,2343,6,56.2
MX11/A1536,37,1,0.0
MX96/A0163,113,1,0.0
MX23/A0296,2314,9,2.8
MX44/A0227,139,1,0.0
MX11/A1330,1203,4,20.3
MX13/A0130,478,3,0.0
MX23/A0224,2690,8,34.5
MX34/A0076,3244,10,29.8
MX32/A0202,2058,8,2.9
MX20/0179,3257,7,86.1
MX11/A1118,1515,4,51.5
MX20/0229,5465,11,98.7
MX44/0167,1877,6,25.1
MX31/A0054,1151,6,0.0
MX20/0184,1486,4,48.6
MX910/0134,1002,5,0.0
MX11/A1040,1092,3,45.6
MX23/A0232,1503,6,0.2
MX11/1019,2182,9,0.0
MX50/0054,1163,6,0.0
MX23/A0309,857,2,71.4
MX96/A0208,1062,3,41.6
MX11/A1170,204,2,0.0
MX11/1277,3461,13,6.5
MX40/0051,2097,7,19.8
MX96/A0384,54,1,0.0
MX20/0206,2736,5,118.9
MX44/A0275,914,5,0.0
MX940/0019,0,1,0.0
MX370/A042,57,1,0.0
MX11/A1320,1212,5,0.0
MX11/A1390,89,1,0.0
MX11/A1220,20,1,0.0
MX23/A0359,2005,6,33.7
MX380/A060,1157,3,54.3
MX23/A0256,5815,16,45.4
MX380/A114,214,2,0.0
MX96/A0363,88,1,0.0
MX96/A0307,3063,6,104.2
MX40/0011,1404,6,0.0
MX96/A0349,65,1,0.0
MX910/0021,361,4,0.0
MX910/0113,2427,10,0.0
MX23/A0306,1409,2,181.8
MX34/A0120,88,1,0.0
MX23/A0047,1,1,0.0
MX910/0143,267,2,0.0
MX11/A1099,-11,1,0.0
MX11/A0939,2122,7,21.3
MX40/0061,828,4,0.0
MX96/A0429,2201,5,76.1
MX23/A0068,33,1,0.0
MX11/A1166,1080,4,8.0
MX40/0071,2223,7,27.0
MX11/A0338,2772,10,10.9
MX370/A038,741,3,0.0
MX11/0205,2840,12,0.0
MX71/A0024,74,1,0.0
MX23/A0190,1060,5,0.0
MX40/0063,2544,6,69.6
MX11/0745,680,4,0.0
MX96/A0499,1479,5,18.3
MX11/A0971,297,2,0.0
MX50/0057,798,4,0.0
MX11/A1468,1198,3,59.7
MX97/1429,-12,1,0.0
MX32/0007,210,2,0.0
MX330/A048,174,1,0.0
MX96/A0464,1,1,0.0
MX23/A0342,1241,4,24.1
MX23/A0294,3080,10,23.2
MX44/0272,433,3,0.0
MX20/0212,5813,10,132.5
MX34/A0115,438,2,0.0
MX11/A0011,3456,10,38.2
MX380/A146,1020,5,0.0
MX50/0009,2088,9,0.0
MX11/0283,2916,10,16.6
MX34/A0118,86,1,0.0
MX40/A0085,2156,3,187.5
MX73/A0013,18,1,0.0
MX96/0002,1228,5,0.0
MX13/A0115,164,1,0.0
MX11/A1382,2158,7,23.3
MX34/A0183,1823,7,4.2
MX96/A0203,1444,5,15.5
MX23/A0343,1740,8,0.0
MX380/A030,1549,5,23.9
MX44/A0206,641,2,28.2
MX11/0892,8577,24,43.0
MX11/A1346,83,1,0.0
MX120/A078,615,3,0.0
MX34/A0140,35,1,0.0
MX96/A0260,199,1,0.0
MX11/A0833,826,4,0.0
MX380/A097,567,2,13.4
MX44/0132,1188,4,18.8
MX44/A0270,741,4,0.0
MX11/1004,-74,1,0.0
MX23/A0123,237,2,0.0
MX96/A0385,2168,4,116.8
MX96/A0489,-97,1,0.0
MX23/A0353,722,2,44.4
MX120/A076,926,3,23.5
MX32/0098,479,3,0.0
MX20/A0492,448,3,0.0
MX44/A0174,267,2,0.0
MX23/0070,3273,12,9.1
MX20/A0233,2432,11,0.0
MX44/0015,139,2,0.0
MX11/A1189,642,4,0.0
MX585/A058,48,1,0.0
MX13/A0106,239,2,0.0
MX910/0131,2262,10,0.0
MX11/A1422,367,2,0.0
MX37/A0055,123,2,0.0
MX11/A1238,670,3,0.0
MX23/A0314,324,2,0.0
MX11/1023,533,3,0.0
MX23/A0292,2524,8,26.2
MX370/0033,3340,8,67.0
MX37/A0006,348,2,0.0
MX11/A1186,1925,7,10.0
MX11/A0411,1278,3,70.4
MX11/A1318,2138,7,22.2
MX11/A1244,1119,4,11.9
MX11/A1245,376,2,0.0
MX11/A1440,-53,1,0.0
MX11/1288,3818,15,1.8
MX11/A1314,552,3,0.0
MX11/A1260,507,3,0.0
MX96/A0332,1635,3,118.0
MX40/0004,2020,9,0.0
MX94/A0063,190,2,0.0
MX37/A0014,75,1,0.0
MX70/0001,2142,2,328.4
MX12/0258,0,1,0.0
MX20/0217,2724,10,9.0
MX32/0118,2250,9,0.0
MX11/0905,4895,16,22.4
MX20/0180,1470,4,47.0
MX11/A1224,188,1,0.0
MX20/0226,1440,4,44.0
MX11/A1433,751,3,0.1
MX44/0217,193,2,0.0
MX34/A0133,-7,1,0.0
MX74/0022,145,2,0.0
MX11/0508,3423,14,0.0
MX37/A0052,738,4,0.0
MX32/A0173,496,2,0.0
MX32/0117,2186,10,0.0
MX20/A0311,1682,5,34.6
MX11/A1348,952,2,90.4
MX23/A0319,4881,14,39.5
MX11/1122,195,2,0.0
MX13/0052,793,4,0.0
MX11/A1165,238,2,0.0
MX11/A0420,3922,15,4.6
MX910/0007,14,2,0.0
MX910/0153,951,6,0.0
MX23/A0377,35,1,0.0
MX11/1018,3462,14,0.0
MX11/A0772,6137,12,104.6
MX31/A0034,-100,1,0.0
MX23/A0168,218,2,0.0
MX11/A0858,1003,3,33.7
MX13/A0065,209,2,0.0
MX11/0267,2034,9,0.0
MX11/0810,3630,15,0.0
MX20/0153,6020,12,100.7
MX910/0024,4,1,0.0
MX11/0606,3063,10,22.5
MX44/0131,689,4,0.0
MX11/A1481,820,3,9.3
MX11/A1093,-70,1,0.0
MX23/A0361,921,5,0.0
MX11/0650,250,2,0.0
MX11/A0392,950,3,26.7
MX11/A1266,3536,11,28.6
MX20/A0377,2954,10,18.2
MX370/A020,3277,15,0.0
MX20/0186,1936,5,54.9
MX21/0010,6126,21,16.7
MX11/0567,3278,9,45.7
MX11/0302,245,2,0.0
MX21/A0022,-52,1,0.0
MX11/0512,223,2,0.0
MX11/A0920,323,2,0.0
MX13/0072,198,2,0.0
MX11/0560,1423,5,13.8
MX23/A0140,1480,7,0.0
MX11/0251,1908,8,0.0
MX380/A024,238,2,0.0
MX11/0897,4214,11,53.2
MX910/0167,69,1,0.0
MX11/A1358,220,2,0.0
MX23/A0286,1020,4,2.0
MX40/0007,751,4,0.0
MX11/0310,2217,10,0.0
MX11/A0962,718,3,0.0
MX44/A0189,1105,5,0.0
MX11/1213,-25,1,0.0
MX71/0003,1888,6,25.9
MX23/0059,4565,16,14.1
MX32/A0213,1826,8,0.0
MX97/0964,1917,1,666.8
MX11/0616,4021,17,0.0
MX11/A1162,7554,25,20.9
MX23/A0360,1214,3,61.9
MX11/A1427,1998,8,0.0
MX23/A0205,1829,5,46.3
MX44/A0252,1153,4,15.3
MX50/A0067,303,2,0.0
MX40/A0427,107,1,0.0
MX11/A0832,32,1,0.0
MX11/A1230,804,2,60.8
MX44/0146,581,3,0.0
MX11/A0931,163,1,0.0
MX40/0059,3216,14,0.0
MX96/A0252,173,1,0.0
MX370/0032,2772,7,58.4
MX11/A0439,348,2,0.0
MX40/0042,225,1,0.0
MX11/A1193,653,3,0.0
MX20/A0493,189,2,0.0
MX31/A0059,2831,8,41.5
MX32/A0130,558,4,0.0
MX11/A0286,1040,3,38.7
MX11/A1146,808,3,7.7
MX20/A0216,1711,8,0.0
MX11/0201,2151,9,0.0
MX20/0205,2182,5,74.6
MX74/0039,383,1,53.2
MX13/0042,-38,1,0.0
MX11/0637,585,4,0.0
MX11/A1268,4215,9,87.3
MX585/A025,-57,1,0.0
MX120/0074,2082,5,66.6
MX11/A0732,5376,10,115.0
MX23/A0204,1115,5,0.0
MX11/1289,3226,13,0.0
MX11/A0419,312,2,0.0
MX11/0518,1348,6,0.0
MX11/A0730,80,1,0.0
MX11/A0474,416,2,0.0
M37/A0012,-70,1,0.0
MX96/A0491,-55,1,0.0
MX11/A1482,753,3,0.4
MX40/A0045,302,2,0.0
MX11/A0884,231,2,0.0
MX20/A0498,39,1,0.0
MX46/A0016,839,4,0.0
MX40/A0128,849,4,0.0
MX11/A1471,1286,4,28.6
MX11/A1414,689,3,0.0
MX32/0108,2151,7,22.9
MX11/A1281,2059,5,64.7
MX96/A0125,93,1,0.0
MX11/0808,3898,14,11.4
MX910/0073,2,1,0.0
MX380/A148,122,2,0.0
MX11/A0923,648,3,0.0
MX20/A0250,12,1,0.0
MX20/0234,2559,6,70.6
MX11/A0760,-71,1,0.0
MX11/A1367,174,1,0.0
MX34/A0085,1875,2,275.0
MX11/A0278,1494,6,0.0
MX120/A080,107,1,0.0
MX34/A0185,-86,1,0.0
MX11/A1229,153,1,0.0
MX32/A0152,276,2,0.0
MX31/A0044,3395,6,126.3
MX20/0201,1759,8,0.0
MX20/0181,2682,6,78.8
MX11/A1226,1872,4,87.2
MX34/A0199,-82,1,0.0
MX96/A0267,198,1,0.0
MX20/A0468,2563,9,13.9
MX11/0638,723,4,0.0
MX11/A0236,326,2,0.0
MX11/A0590,1711,4,71.1
MX50/0011,2073,9,0.0
MX74/0041,1181,5,0.0
MX11/A1474,402,2,0.0
MX20/A0450,403,2,0.0
MX23/0089,1901,8,0.0
MX11/A0690,495,2,0.0
MX13/A0091,-118,1,0.0
MX585/A029,550,2,10.0
MX23/A0351,436,2,0.0
MX31/0022,1210,6,0.0
MX11/A0924,1328,5,6.2
MX11/0643,1966,9,0.0
MX40/0049,2149,7,22.8
MX44/0129,1173,5,0.0
MX380/A075,413,3,0.0
MX11/0785,4198,14,19.9
MX11/A1345,93,1,0.0
MX11/A0989,692,3,0.0
MX380/A048,493,4,0.0
MX40/A0428,327,2,0.0
MX23/A0325,2249,7,28.5
MX11/0192,1955,9,0.0
MX50/0060,1826,7,4.3
MX11/A0231,862,3,14.9
MX11/0188,278,2,0.0
MX11/0266,1263,6,0.0
MX37/A0031,4115,3,448.7
MX44/0005,-50,1,0.0
MX11/0679,845,5,0.0
MX11/A1267,4140,12,38.0
MX37/A0051,252,2,0.0
MX11/a1182,74,1,0.0
MX11/A1233,374,2,0.0
MX11/A0050,712,3,0.0
MX32/0086,722,4,0.0
MX20/0240,1696,4,69.6
